{"stats":{"minecraft:crafted":{"minecraft:cooked_beef":2,"minecraft:wooden_sword":1,"minecraft:stone_shovel":1,"minecraft:crafting_table":1,"minecraft:spruce_planks":172,"minecraft:wooden_pickaxe":1,"minecraft:cooked_chicken":1,"minecraft:furnace":1,"minecraft:stone_axe":2,"minecraft:air":0,"minecraft:charcoal":27,"minecraft:shield":1,"minecraft:stick":16,"minecraft:iron_ingot":1,"minecraft:stone_pickaxe":2,"minecraft:wooden_axe":1,"minecraft:stone_sword":2,"minecraft:spruce_boat":1,"minecraft:torch":44},"minecraft:killed":{"minecraft:spider":1,"minecraft:creeper":1,"minecraft:skeleton":2,"minecraft:zombie":5,"minecraft:chicken":1,"minecraft:cow":1},"minecraft:mined":{"minecraft:crafting_table":1,"minecraft:grass_block":1,"minecraft:cobblestone":3,"minecraft:spruce_leaves":12,"minecraft:large_fern":2,"minecraft:furnace":1,"minecraft:iron_ore":1,"minecraft:spruce_log":77,"minecraft:coal_ore":2,"minecraft:sand":1,"minecraft:dirt":18,"minecraft:stone":44},"minecraft:used":{"minecraft:stone_sword":46,"minecraft:stone_shovel":14,"minecraft:stone_pickaxe":32,"minecraft:spruce_planks":4,"minecraft:wooden_pickaxe":19,"minecraft:cooked_chicken":1,"minecraft:torch":19,"minecraft:dirt":12,"minecraft:crafting_table":2,"minecraft:spruce_boat":1,"minecraft:wooden_axe":24,"minecraft:spruce_sapling":1,"minecraft:stone_axe":60,"minecraft:wooden_sword":8,"minecraft:cobblestone":9,"minecraft:furnace":2,"minecraft:cooked_beef":3},"minecraft:dropped":{"minecraft:stone_axe":1,"minecraft:stone_sword":1,"minecraft:rotten_flesh":1,"minecraft:torch":1,"minecraft:wooden_axe":1,"minecraft:wooden_sword":1,"minecraft:wooden_pickaxe":1,"minecraft:stone_pickaxe":2},"minecraft:custom":{"minecraft:interact_with_furnace":34,"minecraft:mob_kills":12,"minecraft:interact_with_crafting_table":20,"minecraft:leave_game":1,"minecraft:time_since_death":43714,"minecraft:time_since_rest":43714,"minecraft:sprint_one_cm":41771,"minecraft:damage_taken":310,"minecraft:walk_one_cm":112558,"minecraft:drop":9,"minecraft:damage_dealt":2069,"minecraft:swim_one_cm":783,"minecraft:fly_one_cm":35488,"minecraft:crouch_one_cm":3698,"minecraft:play_time":43714,"minecraft:sneak_time":1653,"minecraft:walk_under_water_one_cm":205,"minecraft:boat_one_cm":35022,"minecraft:jump":312,"minecraft:walk_on_water_one_cm":275,"minecraft:total_world_time":43714,"minecraft:fall_one_cm":11599},"minecraft:picked_up":{"minecraft:charcoal":5,"minecraft:crafting_table":1,"minecraft:feather":1,"minecraft:cooked_beef":2,"minecraft:chicken":1,"minecraft:leather":2,"minecraft:gunpowder":1,"minecraft:dirt":59,"minecraft:string":1,"minecraft:bone":1,"minecraft:wheat_seeds":2,"minecraft:beef":2,"minecraft:stone_pickaxe":1,"minecraft:furnace":1,"minecraft:stick":12,"minecraft:raw_iron":1,"minecraft:sand":2,"minecraft:spruce_sapling":13,"minecraft:spruce_log":82,"minecraft:rotten_flesh":5,"minecraft:coal":2,"minecraft:cobblestone":45}},"DataVersion":3465}