{"stats":{"minecraft:crafted":{"minecraft:cooked_beef":2,"minecraft:wooden_sword":1,"minecraft:charcoal":27,"minecraft:shield":1,"minecraft:crafting_table":1,"minecraft:spruce_planks":92,"minecraft:stick":16,"minecraft:cooked_chicken":1,"minecraft:iron_ingot":1,"minecraft:wooden_pickaxe":1,"minecraft:stone_pickaxe":2,"minecraft:wooden_axe":1,"minecraft:stone_sword":2,"minecraft:furnace":1,"minecraft:torch":16,"minecraft:stone_axe":2,"minecraft:air":0},"minecraft:killed":{"minecraft:skeleton":2,"minecraft:zombie":4,"minecraft:chicken":1,"minecraft:spider":1,"minecraft:creeper":1,"minecraft:cow":1},"minecraft:mined":{"minecraft:furnace":1,"minecraft:iron_ore":1,"minecraft:spruce_log":64,"minecraft:crafting_table":1,"minecraft:grass_block":1,"minecraft:coal_ore":2,"minecraft:dirt":3,"minecraft:spruce_leaves":12,"minecraft:stone":37,"minecraft:large_fern":2},"minecraft:dropped":{"minecraft:stone_axe":1,"minecraft:torch":1,"minecraft:stone_sword":1,"minecraft:wooden_axe":1,"minecraft:rotten_flesh":1,"minecraft:wooden_sword":1,"minecraft:stone_pickaxe":2,"minecraft:wooden_pickaxe":1},"minecraft:used":{"minecraft:wooden_axe":24,"minecraft:stone_sword":41,"minecraft:stone_pickaxe":22,"minecraft:spruce_planks":4,"minecraft:wooden_pickaxe":19,"minecraft:spruce_sapling":1,"minecraft:cooked_chicken":1,"minecraft:stone_axe":47,"minecraft:torch":10,"minecraft:wooden_sword":8,"minecraft:dirt":8,"minecraft:crafting_table":2,"minecraft:furnace":2,"minecraft:cooked_beef":3},"minecraft:custom":{"minecraft:time_since_rest":33654,"minecraft:interact_with_furnace":32,"minecraft:sprint_one_cm":39738,"minecraft:damage_taken":310,"minecraft:walk_one_cm":81072,"minecraft:mob_kills":11,"minecraft:drop":9,"minecraft:damage_dealt":1870,"minecraft:swim_one_cm":783,"minecraft:interact_with_crafting_table":18,"minecraft:fly_one_cm":34879,"minecraft:crouch_one_cm":496,"minecraft:play_time":33654,"minecraft:sneak_time":253,"minecraft:walk_under_water_one_cm":205,"minecraft:jump":278,"minecraft:walk_on_water_one_cm":275,"minecraft:time_since_death":33654,"minecraft:total_world_time":33654,"minecraft:fall_one_cm":11121},"minecraft:picked_up":{"minecraft:raw_iron":1,"minecraft:feather":1,"minecraft:cooked_beef":2,"minecraft:stick":12,"minecraft:chicken":1,"minecraft:leather":2,"minecraft:spruce_sapling":13,"minecraft:gunpowder":1,"minecraft:spruce_log":69,"minecraft:string":1,"minecraft:dirt":19,"minecraft:bone":1,"minecraft:rotten_flesh":3,"minecraft:wheat_seeds":2,"minecraft:beef":2,"minecraft:stone_pickaxe":1,"minecraft:coal":2,"minecraft:crafting_table":1,"minecraft:furnace":1,"minecraft:cobblestone":36,"minecraft:charcoal":5}},"DataVersion":3465}