{"stats":{"minecraft:crafted":{"minecraft:wooden_sword":1,"minecraft:charcoal":2,"minecraft:crafting_table":1,"minecraft:spruce_planks":92,"minecraft:stick":12,"minecraft:wooden_pickaxe":1,"minecraft:stone_pickaxe":1,"minecraft:wooden_axe":1,"minecraft:stone_sword":1,"minecraft:furnace":1,"minecraft:torch":8,"minecraft:stone_axe":1,"minecraft:air":0},"minecraft:mined":{"minecraft:spruce_log":27,"minecraft:dirt":3,"minecraft:spruce_leaves":3,"minecraft:stone":37},"minecraft:dropped":{"minecraft:wooden_axe":1,"minecraft:wooden_sword":1,"minecraft:wooden_pickaxe":1},"minecraft:used":{"minecraft:wooden_axe":24,"minecraft:stone_pickaxe":18,"minecraft:wooden_pickaxe":19,"minecraft:spruce_sapling":1,"minecraft:torch":6,"minecraft:wooden_sword":8,"minecraft:dirt":8,"minecraft:crafting_table":1,"minecraft:furnace":1},"minecraft:custom":{"minecraft:time_since_rest":15654,"minecraft:interact_with_furnace":3,"minecraft:sprint_one_cm":5263,"minecraft:damage_taken":20,"minecraft:walk_one_cm":39474,"minecraft:mob_kills":1,"minecraft:drop":3,"minecraft:damage_dealt":327,"minecraft:interact_with_crafting_table":8,"minecraft:fly_one_cm":2676,"minecraft:crouch_one_cm":147,"minecraft:play_time":15654,"minecraft:sneak_time":85,"minecraft:jump":67,"minecraft:time_since_death":15654,"minecraft:total_world_time":15654,"minecraft:fall_one_cm":1480},"minecraft:picked_up":{"minecraft:stick":2,"minecraft:spruce_sapling":2,"minecraft:spruce_log":25,"minecraft:dirt":19,"minecraft:wheat_seeds":1,"minecraft:cobblestone":36}},"DataVersion":3465}