{"stats":{"minecraft:crafted":{"minecraft:cooked_beef":3,"minecraft:wooden_sword":1,"minecraft:stone_shovel":1,"minecraft:crafting_table":1,"minecraft:spruce_planks":38,"minecraft:stick":40,"minecraft:wooden_axe":1},"minecraft:killed":{"minecraft:cow":1},"minecraft:mined":{"minecraft:spruce_log":9,"minecraft:grass_block":12,"minecraft:gravel":1,"minecraft:sand":5,"minecraft:dirt":66,"minecraft:cobblestone":2,"minecraft:spruce_leaves":2,"minecraft:stone":11,"minecraft:fern":1},"minecraft:used":{"minecraft:stone_shovel":39,"minecraft:wooden_pickaxe":16,"minecraft:wooden_sword":20,"minecraft:spruce_log":1},"minecraft:dropped":{"minecraft:cooked_beef":10,"minecraft:wooden_sword":1},"minecraft:custom":{"minecraft:time_since_rest":15613,"minecraft:interact_with_furnace":3,"minecraft:sprint_one_cm":132,"minecraft:damage_taken":170,"minecraft:walk_one_cm":29849,"minecraft:mob_kills":1,"minecraft:drop":5,"minecraft:damage_dealt":200,"minecraft:interact_with_crafting_table":6,"minecraft:fly_one_cm":1300,"minecraft:crouch_one_cm":946,"minecraft:play_time":43227,"minecraft:deaths":1,"minecraft:sneak_time":1010,"minecraft:boat_one_cm":15551,"minecraft:jump":172,"minecraft:leave_game":2,"minecraft:time_since_death":15566,"minecraft:total_world_time":43227,"minecraft:fall_one_cm":3758},"minecraft:picked_up":{"minecraft:wooden_axe":1,"minecraft:cooked_beef":8,"minecraft:leather":1,"minecraft:torch":1,"minecraft:wooden_pickaxe":1,"minecraft:gravel":1,"minecraft:sand":4,"minecraft:spruce_sapling":1,"minecraft:spruce_log":11,"minecraft:dirt":52,"minecraft:wooden_sword":2,"minecraft:stone_sword":1,"minecraft:stone_axe":1,"minecraft:beef":3,"minecraft:stone_pickaxe":1,"minecraft:cobblestone":15}},"DataVersion":3465}