{"stats":{"minecraft:crafted":{"minecraft:cooked_beef":1,"minecraft:wooden_sword":1,"minecraft:spruce_planks":38,"minecraft:stick":20,"minecraft:wooden_axe":1},"minecraft:killed":{"minecraft:cow":1},"minecraft:mined":{"minecraft:grass_block":9,"minecraft:dirt":20,"minecraft:spruce_leaves":2,"minecraft:spruce_log":9},"minecraft:used":{"minecraft:spruce_log":1},"minecraft:custom":{"minecraft:time_since_rest":15136,"minecraft:interact_with_furnace":2,"minecraft:crouch_one_cm":74,"minecraft:play_time":15136,"minecraft:sprint_one_cm":44,"minecraft:walk_one_cm":12244,"minecraft:sneak_time":113,"minecraft:mob_kills":1,"minecraft:jump":25,"minecraft:damage_dealt":88,"minecraft:leave_game":1,"minecraft:time_since_death":15136,"minecraft:total_world_time":15136,"minecraft:interact_with_crafting_table":4},"minecraft:picked_up":{"minecraft:wooden_axe":1,"minecraft:wooden_sword":1,"minecraft:leather":1,"minecraft:wooden_pickaxe":1,"minecraft:beef":3,"minecraft:spruce_sapling":1,"minecraft:spruce_log":11,"minecraft:dirt":29}},"DataVersion":3465}