{"stats":{"minecraft:crafted":{"minecraft:cooked_beef":3,"minecraft:wooden_sword":1,"minecraft:crafting_table":1,"minecraft:spruce_planks":38,"minecraft:stick":40,"minecraft:wooden_axe":1},"minecraft:killed":{"minecraft:cow":1},"minecraft:mined":{"minecraft:spruce_log":9,"minecraft:grass_block":11,"minecraft:sand":1,"minecraft:dirt":20,"minecraft:spruce_leaves":2,"minecraft:fern":1},"minecraft:used":{"minecraft:wooden_sword":11,"minecraft:spruce_log":1},"minecraft:dropped":{"minecraft:cooked_beef":10,"minecraft:wooden_sword":1},"minecraft:custom":{"minecraft:time_since_rest":5522,"minecraft:interact_with_furnace":2,"minecraft:sprint_one_cm":132,"minecraft:damage_taken":170,"minecraft:walk_one_cm":26107,"minecraft:mob_kills":1,"minecraft:drop":5,"minecraft:damage_dealt":200,"minecraft:interact_with_crafting_table":4,"minecraft:fly_one_cm":1300,"minecraft:crouch_one_cm":74,"minecraft:play_time":33136,"minecraft:deaths":1,"minecraft:sneak_time":113,"minecraft:jump":159,"minecraft:leave_game":1,"minecraft:time_since_death":5475,"minecraft:total_world_time":33136,"minecraft:fall_one_cm":3758},"minecraft:picked_up":{"minecraft:wooden_axe":1,"minecraft:cooked_beef":8,"minecraft:leather":1,"minecraft:torch":1,"minecraft:wooden_pickaxe":1,"minecraft:spruce_sapling":1,"minecraft:spruce_log":11,"minecraft:dirt":30,"minecraft:wooden_sword":2,"minecraft:stone_sword":1,"minecraft:stone_axe":1,"minecraft:beef":3,"minecraft:stone_pickaxe":1,"minecraft:cobblestone":1}},"DataVersion":3465}